	country	year	top1_share	bottom50_share
0	AE	2009	0.15571000000000002	0.10894
1	AE	1998	0.17837999999999987	0.12151
2	BH	2015	0.18236000000000008	0.14034000000000002
3	BH	2005	0.17959999999999998	0.14612
4	BH	1995	0.18889999999999996	0.14076
5	BR	2015	0.27841000000000005	0.12252
6	BR	2014	0.27598999999999996	0.12511
7	BR	2013	0.2754	0.12371
8	BR	2012	0.27269	0.12095
9	BR	2011	0.28825	0.11858
10	BR	2010	0.27759999999999996	0.12058
11	BR	2009	0.27462	0.11944
12	BR	2008	0.29428999999999994	0.11647
13	BR	2007	0.2884	0.11759
14	BR	2006	0.28401999999999994	0.1162
15	BR	2005	0.27803	0.11631
16	BR	2004	0.27469	0.11505
17	BR	2003	0.27388	0.11204
18	BR	2002	0.26671999999999996	0.11144
19	BR	2001	0.25076999999999994	0.11267
20	CI	2014	0.17079999999999995	0.13448
21	CI	2008	0.18289999999999995	0.13162
22	CI	2002	0.21028000000000002	0.11727
23	CI	1998	0.17581000000000002	0.14375
24	CI	1993	0.1498799999999999	0.165
25	CI	1988	0.2078399999999999	0.12607000000000002
26	CN-RU	2015	0.16146000000000005	0.18587
27	CN-RU	2014	0.15882000000000007	0.1861
28	CN-RU	2013	0.1585200000000001	0.1856
29	CN-RU	2012	0.1595200000000001	0.18466
30	CN-RU	2011	0.16200000000000003	0.18331
31	CN-RU	2010	0.1644	0.18657
32	CN-RU	2009	0.15961000000000003	0.19354
33	CN-RU	2008	0.14823999999999993	0.19707
34	CN-RU	2007	0.15599999999999992	0.1977
35	CN-RU	2006	0.14678999999999998	0.20169
36	CN-RU	2005	0.14393999999999996	0.19631
37	CN-RU	2004	0.12763999999999998	0.21321
38	CN-RU	2003	0.1297299999999999	0.20867
39	CN-RU	2002	0.13302999999999998	0.20995
40	CN-RU	2001	0.13113999999999992	0.21348000000000006
41	CN-RU	2000	0.12818999999999992	0.21812
42	CN-RU	1999	0.11407000000000012	0.23047
43	CN-RU	1998	0.11381000000000008	0.23279
44	CN-RU	1997	0.11024999999999996	0.22927
45	CN-RU	1996	0.11170000000000002	0.22988000000000006
46	CN-RU	1995	0.10738999999999999	0.23087
47	CN-RU	1994	0.10734999999999995	0.23151
48	CN-RU	1993	0.10472000000000004	0.23534
49	CN-RU	1992	0.10170000000000001	0.23993
50	CN-RU	1991	0.09857000000000005	0.2451
51	CN-RU	1990	0.09347000000000005	0.25341
52	CN-RU	1989	0.09282000000000001	0.25577
53	CN-RU	1988	0.09206999999999999	0.25858000000000003
54	CN-RU	1987	0.09123000000000003	0.26201
55	CN-RU	1986	0.09023000000000003	0.26633
56	CN-RU	1985	0.08901999999999999	0.27195
57	CN-RU	1984	0.08696000000000004	0.27397
58	CN-RU	1983	0.08445000000000003	0.27638
59	CN-RU	1982	0.08131	0.27936
60	CN-RU	1981	0.07720000000000005	0.28319
61	CN-RU	1980	0.07154000000000005	0.28838
62	CN-RU	1979	0.07106000000000001	0.28901
63	CN-RU	1978	0.07057000000000002	0.28963
64	CN-UR	2015	0.13258999999999999	0.22305
65	CN-UR	2014	0.12996000000000008	0.22327
66	CN-UR	2013	0.13083999999999996	0.21693
67	CN-UR	2012	0.13013999999999992	0.22809
68	CN-UR	2011	0.13908999999999994	0.21821
69	CN-UR	2010	0.14422999999999997	0.21836
70	CN-UR	2009	0.14692000000000005	0.22171
71	CN-UR	2008	0.14613999999999994	0.21869
72	CN-UR	2007	0.1457799999999999	0.22143
73	CN-UR	2006	0.14117999999999997	0.22229
74	CN-UR	2005	0.13416000000000006	0.22279
75	CN-UR	2004	0.13352999999999993	0.22821
76	CN-UR	2003	0.12447999999999992	0.23553
77	CN-UR	2002	0.11591000000000007	0.24152
78	CN-UR	2001	0.09460999999999997	0.27409
79	CN-UR	2000	0.08809999999999996	0.2816
80	CN-UR	1999	0.08714	0.28744000000000003
81	CN-UR	1998	0.08603000000000005	0.29105
82	CN-UR	1997	0.08320000000000005	0.29563
83	CN-UR	1996	0.08165	0.30118
84	CN-UR	1995	0.07840000000000003	0.30566
85	CN-UR	1994	0.07977999999999996	0.3038
86	CN-UR	1993	0.07721	0.30905
87	CN-UR	1992	0.07272	0.3203
88	CN-UR	1991	0.06803000000000003	0.33359
89	CN-UR	1990	0.06779999999999997	0.3288
90	CN-UR	1989	0.06986999999999999	0.32751
91	CN-UR	1988	0.06691000000000003	0.33143
92	CN-UR	1987	0.06483000000000005	0.33771
93	CN-UR	1986	0.06701999999999997	0.32868
94	CN-UR	1985	0.06994999999999996	0.31697
95	CN-UR	1984	0.05835999999999997	0.33473
96	CN-UR	1983	0.052039999999999975	0.34284000000000003
97	CN-UR	1982	0.05154000000000003	0.34541
98	CN-UR	1981	0.05056000000000005	0.34511
99	CN-UR	1980	0.04995000000000005	0.34608
100	CN-UR	1979	0.049329999999999985	0.34706
101	CN-UR	1978	0.048699999999999966	0.34805
102	CN	2015	0.13923999999999992	0.14834
103	CN	2014	0.13661	0.14858
104	CN	2013	0.13813999999999993	0.145
105	CN	2012	0.13749999999999996	0.15004
106	CN	2011	0.14588999999999996	0.14544
107	CN	2010	0.15122999999999998	0.14272
108	CN	2009	0.15412999999999988	0.14712
109	CN	2008	0.15180000000000005	0.14806
110	CN	2007	0.15267000000000008	0.14847
111	CN	2006	0.14767000000000008	0.15014
112	CN	2005	0.14197999999999988	0.1503
113	CN	2004	0.13818999999999992	0.15799000000000002
114	CN	2003	0.1313200000000001	0.15778
115	CN	2002	0.12549	0.1621
116	CN	2001	0.10867999999999989	0.17479
117	CN	2000	0.10372999999999988	0.18068
118	CN	1999	0.09926999999999997	0.19265
119	CN	1998	0.09841	0.19963
120	CN	1997	0.09552000000000005	0.19902
121	CN	1996	0.09550999999999998	0.19916
122	CN	1995	0.09289000000000003	0.19323
123	CN	1994	0.09438000000000002	0.18962
124	CN	1993	0.09194999999999998	0.1936
125	CN	1992	0.08750999999999998	0.20308
126	CN	1991	0.08318000000000003	0.21264
127	CN	1990	0.08096000000000003	0.22577
128	CN	1989	0.08206000000000002	0.2239
129	CN	1988	0.08001999999999998	0.23064
130	CN	1987	0.07870999999999995	0.23316
131	CN	1986	0.07965999999999995	0.23859
132	CN	1985	0.08004	0.25406
133	CN	1984	0.07455	0.25762
134	CN	1983	0.07113000000000003	0.26055
135	CN	1982	0.06940000000000002	0.25814000000000004
136	CN	1981	0.06710000000000005	0.26394
137	CN	1980	0.06418999999999997	0.2673
138	CN	1979	0.06369999999999998	0.26871
139	CN	1978	0.06347999999999998	0.2696
140	CZ	2015	0.09197	0.28354
141	CZ	2014	0.09092999999999996	0.28375
142	CZ	2013	0.09121999999999997	0.29607
143	CZ	2012	0.10202000000000011	0.28225
144	CZ	2011	0.09441	0.28643
145	CZ	2010	0.09430000000000005	0.28536
146	CZ	2009	0.10146	0.2896
147	CZ	2008	0.11337000000000008	0.28394
148	CZ	2007	0.09097999999999995	0.28914
149	CZ	2006	0.08667000000000002	0.28736
150	CZ	2005	0.09423000000000004	0.28963
151	CZ	2004	0.08913000000000004	0.28691
152	CZ	2003	0.08448999999999995	0.29676
153	CZ	2002	0.08191999999999999	0.30611
154	CZ	2001	0.08187	0.30531
155	CZ	2000	0.08182999999999996	0.3045
156	CZ	1999	0.08177999999999996	0.30366
157	CZ	1998	0.08172999999999997	0.30279
158	CZ	1997	0.08167999999999997	0.3019
159	CZ	1996	0.08162999999999998	0.30099000000000004
160	CZ	1995	0.07745000000000002	0.30665
161	CZ	1994	0.07335000000000003	0.31221
162	CZ	1993	0.06932000000000005	0.31767
163	CZ	1992	0.06537000000000004	0.32302
164	CZ	1988	0.029900000000000038	0.36218
165	CZ	1985	0.025379999999999958	0.36339
166	CZ	1980	0.02581	0.3575
167	CZ	1976	0.024900000000000033	0.35572
168	CZ	1973	0.025839999999999974	0.35409
169	CZ	1970	0.029320000000000013	0.34445
170	DE	2016	0.11129999999999995	0.2136
171	DE	2015	0.11099999999999999	0.2114
172	DE	2014	0.10829999999999995	0.2121
173	DE	2013	0.11609999999999998	0.2118
174	DE	2012	0.11770000000000003	0.2165
175	DE	2011	0.11809999999999998	0.2148
176	DE	2010	0.11809999999999998	0.2158
177	DE	2009	0.11699999999999999	0.2182
178	DE	2008	0.13090000000000002	0.2149
179	DE	2007	0.13029999999999997	0.2184
180	DE	2006	0.12070000000000003	0.2244
181	DE	2005	0.11760000000000004	0.2248
182	DE	2004	0.10429999999999995	0.239
183	DE	2003	0.09389999999999998	0.2431
184	DE	2002	0.09940000000000004	0.2412
185	DE	2001	0.09989999999999999	0.2454
186	DE	2000	0.10119999999999996	0.2456
187	DE	1999	0.1018	0.2491
188	DE	1998	0.10499999999999998	0.2515
189	DE	1997	0.10040000000000004	0.2538
190	DE	1996	0.09609999999999996	0.2575
191	DE	1995	0.08989999999999998	0.2627
192	DE	1994	0.09030000000000005	0.2637
193	DE	1993	0.09340000000000004	0.2616
194	DE	1992	0.09819999999999995	0.2585
195	DE	1991	0.10350000000000004	0.256
196	DE	1990	0.10770000000000002	0.2564
197	DE	1989	0.1119	0.2564
198	DE	1988	0.10550000000000004	0.2614
199	DE	1987	0.09919999999999995	0.2658
200	DE	1986	0.09289999999999998	0.2713
201	DE	1985	0.09060000000000001	0.2721
202	DE	1984	0.08819999999999995	0.2728
203	DE	1983	0.08599999999999997	0.2718
204	DE	1982	0.08640000000000003	0.2704
205	DE	1981	0.08679999999999999	0.26899999999999996
206	DE	1980	0.08720000000000006	0.2701
207	EG	2015	0.1913100000000001	0.18229
208	EG	2012	0.16421000000000008	0.1906
209	EG	2010	0.1671600000000001	0.1897
210	EG	2008	0.18579999999999997	0.17829
211	EG	2004	0.17994	0.17521
212	EG	1999	0.19479999999999997	0.16865
213	FR	2014	0.10631000000000002	0.20155
214	FR	2013	0.10634999999999994	0.2014
215	FR	2012	0.10819999999999996	0.20075
216	FR	2011	0.11811000000000005	0.19712
217	FR	2010	0.11580000000000001	0.19415
218	FR	2009	0.1075299999999999	0.19581
219	FR	2008	0.11982999999999988	0.19325
220	FR	2007	0.12068999999999996	0.19198
221	FR	2006	0.11685000000000001	0.19218
222	FR	2005	0.11775000000000002	0.19287
223	FR	2004	0.11942000000000008	0.19101
224	FR	2003	0.11739999999999995	0.18985
225	FR	2002	0.11619999999999997	0.19255
226	FR	2001	0.12046000000000001	0.18604
227	FR	2000	0.11877999999999989	0.18164
228	FR	1999	0.11542999999999992	0.18114
229	FR	1998	0.11702999999999997	0.18163
230	FR	1997	0.11402000000000012	0.18214
231	FR	1996	0.11062000000000005	0.18076
232	FR	1995	0.10172000000000003	0.18116
233	FR	1994	0.1011200000000001	0.18096
234	FR	1993	0.09675999999999996	0.17931
235	FR	1992	0.09855000000000003	0.18169
236	FR	1991	0.10219	0.17747000000000002
237	FR	1990	0.10135000000000005	0.17739000000000002
238	FR	1989	0.10317999999999994	0.17812
239	FR	1988	0.09987000000000013	0.1807
240	FR	1987	0.10004999999999997	0.17165999999999998
241	FR	1986	0.09582000000000002	0.16377
242	FR	1985	0.09150999999999998	0.15528
243	FR	1984	0.08957000000000004	0.14523
244	FR	1983	0.09006999999999998	0.14485
245	FR	1982	0.09114999999999995	0.14420999999999998
246	FR	1981	0.09431999999999996	0.14422
247	FR	1980	0.09677999999999998	0.14332
248	FR	1979	0.09882000000000002	0.14494
249	FR	1978	0.09848000000000001	0.14277
250	FR	1977	0.1001200000000001	0.13873
251	FR	1976	0.10085	0.13656
252	FR	1975	0.10277000000000003	0.13444
253	FR	1974	0.11201000000000005	0.12775
254	FR	1973	0.11232000000000009	0.12416
255	FR	1972	0.11208999999999991	0.12013
256	FR	1971	0.11278999999999995	0.11544
257	FR	1970	0.11486000000000007	0.11055
258	IN	2013	0.21714999999999995	0.14906
259	IN	2012	0.21483999999999992	0.1492
260	IN	2011	0.21328999999999998	0.15211
261	IN	2010	0.21216999999999997	0.16005
262	IN	2009	0.20835000000000004	0.16499
263	IN	2008	0.20446999999999993	0.16985999999999998
264	IN	2007	0.20053999999999994	0.17464000000000002
265	IN	2006	0.19657000000000002	0.17934
266	IN	2005	0.19257999999999997	0.18394
267	IN	2004	0.1836899999999999	0.18844
268	IN	2003	0.17510000000000003	0.1929
269	IN	2002	0.16682000000000008	0.19731
270	IN	2001	0.15885000000000005	0.20168
271	IN	2000	0.15117999999999998	0.20600000000000002
272	IN	1999	0.14702000000000004	0.20703
273	IN	1998	0.14359	0.20759
274	IN	1997	0.13827000000000012	0.2089
275	IN	1996	0.13212999999999997	0.21117
276	IN	1995	0.12982000000000005	0.20864
277	IN	1994	0.12357999999999991	0.20889
278	IN	1993	0.12468999999999997	0.2138
279	IN	1992	0.10004999999999997	0.21911
280	IN	1991	0.10161000000000009	0.22207
281	IN	1990	0.10457000000000005	0.22383000000000006
282	IN	1989	0.11024	0.21709
283	IN	1988	0.11111000000000004	0.21695
284	IN	1987	0.10321000000000002	0.22006
285	IN	1986	0.10807999999999995	0.21814
286	IN	1985	0.10452000000000006	0.21917
287	IN	1984	0.08889000000000002	0.22402
288	IN	1983	0.1031200000000001	0.21774
289	IN	1982	0.06110000000000004	0.23618000000000006
290	IN	1981	0.06694999999999995	0.23483
291	IN	1980	0.07335000000000003	0.23301
292	IN	1979	0.08016000000000001	0.23134
293	IN	1978	0.09263999999999994	0.2273
294	IN	1977	0.09738999999999998	0.22656
295	IN	1976	0.10277000000000003	0.22674
296	IN	1975	0.10406000000000004	0.22838000000000006
297	IN	1974	0.10133999999999999	0.2297
298	IN	1973	0.10236	0.23078
299	IN	1972	0.10968999999999995	0.23003
300	IN	1971	0.11377000000000004	0.22825
301	IN	1970	0.12955000000000005	0.22007
302	IN	1969	0.12927999999999995	0.22065
303	IN	1968	0.12112000000000012	0.22561
304	IN	1967	0.12598999999999994	0.22294
305	IN	1966	0.12895	0.22491
306	IN	1965	0.12639999999999996	0.22516
307	IN	1964	0.1199	0.22599
308	IN	1963	0.12442999999999993	0.2259
309	IN	1962	0.1258299999999999	0.21738
310	IN	1961	0.12713999999999992	0.21216
311	IN	1960	0.1317799999999999	0.21294
312	IN	1959	0.12929000000000002	0.20564
313	IN	1958	0.13613999999999993	0.20074
314	IN	1957	0.14093999999999995	0.20600000000000002
315	IN	1956	0.13759999999999994	0.19566
316	IN	1955	0.13718999999999992	0.1917
317	IN	1954	0.12557000000000007	0.20446
318	IN	1953	0.11119999999999997	0.21069
319	IN	1952	0.11814999999999998	0.20719
320	IN	1951	0.11534	0.20553
321	IQ	2007	0.22023000000000004	0.15174
322	IR	2013	0.16264999999999996	0.16779000000000002
323	IR	2010	0.18017000000000005	0.14395
324	JO	2013	0.16098999999999997	0.17223
325	JO	2010	0.21953	0.16644
326	JO	2008	0.15700999999999998	0.17809
327	JO	2006	0.15280000000000005	0.17207999999999998
328	JO	2002	0.14577000000000007	0.18108
329	JO	1992	0.20273999999999992	0.15488
330	KW	2013	0.17691	0.13155999999999998
331	KW	2007	0.18352000000000002	0.12928
332	LB	2014	0.23398999999999992	0.1064
333	LB	2013	0.23314999999999997	0.10528
334	LB	2012	0.23503000000000007	0.10443
335	LB	2011	0.23487999999999998	0.1053
336	LB	2010	0.23260999999999998	0.10644
337	LB	2009	0.23145000000000004	0.10777
338	LB	2008	0.23693999999999993	0.10609
339	LB	2007	0.23592999999999997	0.1075
340	LB	2006	0.21311999999999998	0.13112
341	LB	2005	0.21567999999999998	0.12922999999999998
342	MY	2014	0.14547999999999994	0.19065
343	MY	2012	0.16154999999999997	0.17167000000000002
344	MY	2009	0.17758999999999991	0.15871
345	MY	2007	0.17845	0.15250999999999998
346	MY	2004	0.16647999999999996	0.15679
347	MY	2002	0.18530000000000002	0.1597
348	OM	2010	0.18435	0.10364
349	PL	2015	0.12460000000000004	0.2427
350	PL	2014	0.12329999999999997	0.2403
351	PL	2013	0.11929999999999996	0.2393
352	PL	2012	0.12080000000000002	0.2401
353	PL	2011	0.12119999999999997	0.2386
354	PL	2010	0.11950000000000005	0.2405
355	PL	2009	0.12080000000000002	0.2377
356	PL	2008	0.1372	0.2343
357	PL	2007	0.14190000000000003	0.2329
358	PL	2006	0.12929999999999997	0.2322
359	PL	2005	0.12180000000000002	0.2282
360	PL	2004	0.11850000000000005	0.2428
361	PL	2003	0.09609999999999996	0.2469
362	PL	2002	0.10540000000000005	0.2509
363	PL	2001	0.1028	0.2568
364	PL	2000	0.09950000000000003	0.258
365	PL	1999	0.10099999999999998	0.2661
366	PL	1998	0.10719999999999996	0.2617
367	PL	1997	0.09999999999999998	0.2647
368	PL	1996	0.0928	0.2619
369	PL	1995	0.11199999999999999	0.2593
370	PL	1994	0.10019999999999996	0.273
371	PL	1993	0.08450000000000002	0.2865
372	PL	1992	0.0776	0.2927
373	PL	1989	0.04400000000000004	0.3086
374	PL	1988	0.04139999999999999	0.3223
375	PL	1987	0.04290000000000005	0.3109
376	PL	1986	0.04149999999999998	0.3116
377	PL	1985	0.04149999999999998	0.314
378	PL	1984	0.04730000000000001	0.3048
379	PL	1983	0.04200000000000004	0.3133
380	PS	2011	0.15813999999999995	0.13494
381	PS	2010	0.16847999999999996	0.12977
382	PS	2008	0.14417000000000002	0.13585
383	PS	2007	0.16547999999999996	0.12569
384	PS	2006	0.14859999999999995	0.1383
385	PS	2005	0.15578999999999998	0.13598
386	PS	2004	0.14702000000000004	0.14556
387	PS	1998	0.14408999999999994	0.14518
388	PS	1997	0.14036000000000004	0.14722000000000002
389	PS	1996	0.13802000000000003	0.14849
390	QA	2012	0.18684999999999996	0.13923
391	QA	2007	0.17267999999999994	0.12233
392	RU	2015	0.20236999999999994	0.1699
393	RU	2014	0.20393000000000006	0.16810999999999998
394	RU	2013	0.21076000000000006	0.16124000000000002
395	RU	2012	0.19841999999999993	0.16623
396	RU	2011	0.21477999999999997	0.15979000000000002
397	RU	2010	0.20031	0.15865
398	RU	2009	0.21175	0.14506
399	RU	2008	0.25076	0.13454000000000002
400	RU	2007	0.26911000000000007	0.13712
401	RU	2006	0.2542399999999999	0.13976
402	RU	2005	0.24913999999999992	0.14428
403	RU	2004	0.22758	0.14003
404	RU	2003	0.24278	0.13493
405	RU	2002	0.2449	0.13837
406	RU	2001	0.24561999999999995	0.13455
407	RU	2000	0.20689999999999997	0.13565
408	RU	1999	0.18095000000000006	0.14038
409	RU	1998	0.15141000000000004	0.14400000000000002
410	RU	1997	0.15197000000000005	0.12431
411	RU	1996	0.15838999999999992	0.09602
412	RU	1995	0.1403399999999999	0.1383
413	RU	1994	0.11829999999999996	0.15291
414	RU	1993	0.11137999999999992	0.20115
415	RU	1992	0.10104999999999997	0.21873
416	RU	1991	0.08392	0.29
417	RU	1990	0.07335999999999998	0.29471
418	RU	1989	0.05398999999999998	0.30133000000000004
419	RU	1988	0.04810000000000003	0.30956
420	RU	1985	0.04383999999999999	0.30879
421	RU	1980	0.03452999999999995	0.31003000000000003
422	RU	1976	0.037980000000000014	0.30323
423	RU	1972	0.039409999999999945	0.30246
424	RU	1968	0.03773000000000004	0.31255
425	RU	1966	0.040549999999999975	0.29149
426	RU	1964	0.04303000000000001	0.27306
427	RU	1961	0.04479999999999995	0.2599
428	RU	1959	0.04576000000000002	0.25278
429	RU	1956	0.054790000000000005	0.24541
430	RU	1934	0.04249999999999998	0.28425
431	RU	1928	0.03627999999999998	0.29759
432	RU	1905	0.17986000000000002	0.16744
433	SA	2008	0.1600799999999999	0.13285
434	SY	2004	0.1468299999999999	0.1416
435	TH	2016	0.20230000000000004	0.1324
436	TH	2015	0.18969999999999998	0.1436
437	TH	2014	0.2017	0.1366
438	TH	2013	0.19940000000000002	0.1342
439	TH	2012	0.21350000000000002	0.1277
440	TH	2011	0.21709999999999996	0.1267
441	TH	2010	0.2238	0.1255
442	TH	2009	0.21509999999999996	0.1236
443	TH	2008	0.22829999999999995	0.1236
444	TH	2007	0.2188	0.1159
445	TH	2006	0.22450000000000003	0.1118
446	TH	2005	0.22699999999999998	0.1118
447	TH	2004	0.22970000000000002	0.1126
448	TH	2003	0.23540000000000005	0.1005
449	TH	2002	0.22050000000000003	0.1069
450	TH	2001	0.23109999999999997	0.0892
451	TR	2016	0.23434999999999995	0.14612999999999998
452	TR	2015	0.21543	0.14886
453	TR	2014	0.20983999999999992	0.1511
454	TR	2013	0.19023	0.16298
455	TR	2012	0.19782	0.15782000000000002
456	TR	2011	0.19281000000000004	0.15625999999999998
457	TR	2010	0.19901999999999997	0.158
458	TR	2009	0.19384	0.15364
459	TR	2008	0.18274	0.16069
460	TR	2007	0.1736200000000001	0.16259
461	TR	2006	0.17961000000000005	0.16003
462	TR	2005	0.18889	0.15209
463	TR	2004	0.21465	0.14382
464	TR	2003	0.21965	0.13974
465	TR	2002	0.22453	0.13616
466	TR	1994	0.28257	0.07868
467	US	2014	0.20194999999999996	0.12546
468	US	2013	0.19594999999999996	0.12768
469	US	2012	0.20778999999999992	0.12381
470	US	2011	0.19599	0.12730999999999998
471	US	2010	0.19799	0.13032
472	US	2009	0.18537000000000003	0.13592
473	US	2008	0.19525000000000003	0.1371
474	US	2007	0.19867999999999997	0.13735999999999998
475	US	2006	0.20099999999999996	0.13535999999999998
476	US	2005	0.19373000000000007	0.13835999999999998
477	US	2004	0.18320999999999998	0.14187
478	US	2003	0.17197000000000007	0.14518
479	US	2002	0.17061000000000004	0.14818
480	US	2001	0.17264999999999997	0.14952
481	US	2000	0.18267	0.14614000000000002
482	US	1999	0.17705000000000004	0.1477
483	US	1998	0.16922000000000004	0.14906
484	US	1997	0.16628999999999994	0.14864000000000002
485	US	1996	0.15964999999999996	0.15079
486	US	1995	0.15283999999999998	0.15381
487	US	1994	0.14682000000000006	0.1578
488	US	1993	0.1464200000000001	0.15897
489	US	1992	0.15016000000000007	0.1583
490	US	1991	0.13885999999999998	0.16621
491	US	1990	0.14544	0.16802999999999998
492	US	1989	0.14462999999999993	0.16933
493	US	1988	0.14877000000000007	0.16945
494	US	1987	0.13306000000000007	0.17262
495	US	1986	0.12212000000000012	0.17665
496	US	1985	0.12553999999999998	0.17882
497	US	1984	0.12498999999999993	0.17882
498	US	1983	0.11513999999999991	0.18306
499	US	1982	0.11263999999999996	0.18957
500	US	1981	0.11050000000000004	0.19508
501	US	1980	0.10667000000000004	0.19894
502	US	1979	0.11152999999999991	0.20079
503	US	1978	0.10629999999999995	0.19898
504	US	1977	0.1075299999999999	0.19999
505	US	1976	0.10404999999999998	0.20287
506	US	1975	0.10586000000000007	0.20145
507	US	1974	0.10555999999999999	0.20732
508	US	1973	0.11022999999999994	0.20269
509	US	1972	0.11116000000000004	0.20132
510	US	1971	0.11077999999999988	0.20348
511	US	1970	0.10787999999999998	0.20998000000000006
512	US	1969	0.11512999999999995	0.21197
513	US	1968	0.12417000000000011	0.20563
514	US	1967	0.12143999999999999	0.20827
515	US	1966	0.1263700000000001	0.19558
516	US	1965	0.1277799999999999	0.1913
517	US	1964	0.12918999999999992	0.18702
518	US	1963	0.12746000000000002	0.19102
519	US	1962	0.12575000000000003	0.19504
520	XF-MER	2016	0.19889999999999997	0.1215
521	XF-MER	2015	0.1997	0.1214
522	XF-MER	2014	0.20040000000000002	0.1199
523	XF-MER	2013	0.19989999999999997	0.12300000000000001
524	XF-MER	2012	0.20009999999999994	0.1257
525	XF-MER	2011	0.1986	0.1261
526	XF-MER	2010	0.19840000000000002	0.1243
527	XF-MER	2009	0.19930000000000003	0.124
528	XF-MER	2008	0.20179999999999998	0.1227
529	XF-MER	2007	0.20489999999999997	0.1215
530	XF-MER	2006	0.20350000000000001	0.1197
531	XF-MER	2005	0.19989999999999997	0.1209
532	XF-MER	2004	0.19620000000000004	0.1201
533	XF-MER	2003	0.19430000000000003	0.122
534	XF-MER	2002	0.19330000000000003	0.122
535	XF-MER	2001	0.19230000000000003	0.1251
536	XF-MER	2000	0.1904	0.1247
537	XF-MER	1999	0.18720000000000003	0.1251
538	XF-MER	1998	0.18510000000000004	0.1205
539	XF-MER	1997	0.18400000000000005	0.1176
540	XF-MER	1996	0.18179999999999996	0.1157
541	XF-MER	1995	0.1815	0.1128
542	XF-MER	1994	0.17459999999999998	0.1072
543	XF-MER	1993	0.17290000000000005	0.1079
544	XF-MER	1992	0.1744	0.1047
545	XF-MER	1991	0.1763	0.1039
546	XF-MER	1990	0.17659999999999998	0.1068
547	XF-MER	1989	0.17789999999999995	0.1064
548	XF-MER	1988	0.18079999999999996	0.1065
549	XF-MER	1987	0.17910000000000004	0.1079
550	XF-MER	1986	0.18020000000000003	0.1074
551	XF-MER	1985	0.1814	0.105
552	XF-MER	1984	0.18830000000000002	0.1036
553	XF-MER	1983	0.1864	0.1063
554	XF-MER	1982	0.1876	0.1036
555	XF-MER	1981	0.18469999999999998	0.1017
556	XF-MER	1980	0.18330000000000002	0.1016
557	XL-MER	2016	0.2784	0.1225
558	XL-MER	2015	0.2784	0.1225
559	XL-MER	2014	0.2761	0.1249
560	XL-MER	2013	0.27580000000000005	0.12300000000000001
561	XL-MER	2012	0.27290000000000003	0.1205
562	XL-MER	2011	0.2885	0.1181
563	XL-MER	2010	0.27780000000000005	0.1201
564	XL-MER	2009	0.27480000000000004	0.11900000000000001
565	XL-MER	2008	0.2944	0.1163
566	XL-MER	2007	0.2885	0.1174
567	XL-MER	2006	0.2841	0.11599999999999999
568	XL-MER	2005	0.2782	0.11599999999999999
569	XL-MER	2004	0.275	0.1146
570	XL-MER	2003	0.2742	0.1116
571	XL-MER	2002	0.267	0.111
572	XL-MER	2001	0.2509	0.1125
573	XL-MER	2000	0.2509	0.1124
574	XL-MER	1999	0.2509	0.1125
575	XL-MER	1998	0.2509999999999999	0.1123
576	XL-MER	1997	0.2512	0.11199999999999999
577	XL-MER	1996	0.25149999999999995	0.1116
578	XL-MER	1995	0.25170000000000003	0.1113
579	XL-MER	1994	0.25129999999999997	0.11199999999999999
580	XL-MER	1993	0.2511	0.1123
581	XL-MER	1992	0.2509999999999999	0.1123
582	XL-MER	1991	0.2512	0.1121
583	XL-MER	1990	0.252	0.111
584	XL-MER	1989	0.25229999999999997	0.1106
585	XL-MER	1988	0.25160000000000005	0.1115
586	XL-MER	1987	0.2518	0.1112
587	XL-MER	1986	0.2518	0.1113
588	XL-MER	1985	0.25129999999999997	0.11199999999999999
589	XL-MER	1984	0.2509	0.1125
590	XL-MER	1983	0.2508	0.1126
591	XL-MER	1982	0.2508	0.1126
592	XL-MER	1981	0.2509999999999999	0.1124
593	XL-MER	1980	0.2509	0.1124
594	XL	2016	0.27869999999999995	0.1219
595	XL	2015	0.27859999999999996	0.1221
596	XL	2014	0.2759999999999999	0.125
597	XL	2013	0.2754	0.1237
598	XL	2012	0.27270000000000005	0.1209
599	XL	2011	0.2883	0.1186
600	XL	2010	0.27759999999999996	0.1206
601	XL	2009	0.27459999999999996	0.1194
602	XL	2008	0.2944	0.1163
603	XL	2007	0.2885	0.1175
604	XL	2006	0.2841	0.1161
605	XL	2005	0.2781	0.1162
606	XL	2004	0.27470000000000006	0.115
607	XL	2003	0.27390000000000003	0.11199999999999999
608	XL	2002	0.26670000000000005	0.1114
609	XL	2001	0.2508	0.1126
610	XL	2000	0.2508	0.1126
611	XL	1999	0.2508	0.1126
612	XL	1998	0.2508	0.1127
613	XL	1997	0.2508	0.1127
614	XL	1996	0.2508	0.1126
615	XL	1995	0.2509	0.1125
616	XL	1994	0.2508	0.1127
617	XL	1993	0.2508	0.1127
618	XL	1992	0.2508	0.1127
619	XL	1991	0.2508	0.1127
620	XL	1990	0.2509	0.1124
621	XL	1989	0.2509999999999999	0.1123
622	XL	1988	0.2508	0.1126
623	XL	1987	0.2509	0.1125
624	XL	1986	0.2509	0.1125
625	XL	1985	0.2508	0.1127
626	XL	1984	0.2508	0.1126
627	XL	1983	0.2509	0.1125
628	XL	1982	0.2509	0.1124
629	XL	1981	0.2508	0.1126
630	XL	1980	0.2508	0.1126
631	XM	2016	0.30169999999999997	0.0942
632	XM	2015	0.3023	0.0929
633	XM	2014	0.3026	0.0954
634	XM	2013	0.29579999999999995	0.0981
635	XM	2012	0.2922	0.0998
636	XM	2011	0.2831	0.0986
637	XM	2010	0.27549999999999997	0.1016
638	XM	2009	0.27949999999999997	0.1011
639	XM	2008	0.30510000000000004	0.0964
640	XM	2007	0.3035	0.0951
641	XM	2006	0.3075	0.0936
642	XM	2005	0.30489999999999995	0.0912
643	XM	2004	0.3107	0.0917
644	XM	2003	0.3096	0.0911
645	XM	2002	0.3042	0.0949
646	XM	2001	0.3143	0.0917
647	XM	2000	0.31489999999999996	0.09
648	XM	1999	0.31579999999999997	0.0899
649	XM	1998	0.3217	0.0866
650	XM	1997	0.3369	0.07400000000000001
651	XM	1996	0.3387	0.0728
652	XM	1995	0.34540000000000004	0.0688
653	XM	1994	0.34209999999999996	0.0703
654	XM	1993	0.3376	0.0698
655	XM	1992	0.34299999999999997	0.0663
656	XM	1991	0.34530000000000005	0.0649
657	XM	1990	0.3488	0.07
658	XN-MER	2016	0.264	0.0959
659	XN-MER	2015	0.263	0.0945
660	XN-MER	2014	0.25949999999999995	0.09699999999999999
661	XN-MER	2013	0.25460000000000005	0.0998
662	XN-MER	2012	0.25349999999999995	0.1015
663	XN-MER	2011	0.24880000000000002	0.1003
664	XN-MER	2010	0.248	0.1033
665	XN-MER	2009	0.25	0.1027
666	XN-MER	2008	0.2583	0.0979
667	XN-MER	2007	0.26170000000000004	0.0966
668	XN-MER	2006	0.26849999999999996	0.0948
669	XN-MER	2005	0.2714	0.0923
670	XN-MER	2004	0.2763	0.0927
671	XN-MER	2003	0.27649999999999997	0.0921
672	XN-MER	2002	0.273	0.096
673	XN-MER	2001	0.2814	0.0926
674	XN-MER	2000	0.28200000000000003	0.0909
675	XN-MER	1999	0.28169999999999995	0.0907
676	XN-MER	1998	0.28569999999999995	0.0872
677	XN-MER	1997	0.30110000000000003	0.0745
678	XN-MER	1996	0.30210000000000004	0.0732
679	XN-MER	1995	0.3076	0.0692
680	XN-MER	1994	0.30500000000000005	0.0707
681	XN-MER	1993	0.30189999999999995	0.0702
682	XN-MER	1992	0.30510000000000004	0.0666
683	XN-MER	1991	0.30720000000000003	0.0653
684	XN-MER	1990	0.3075	0.0703
685	XN-MER	1989	0.30720000000000003	0.0797
686	XN-MER	1988	0.30720000000000003	0.0797
687	XN-MER	1987	0.30720000000000003	0.0797
688	XN-MER	1986	0.30720000000000003	0.0797
689	XN-MER	1985	0.30720000000000003	0.0797
690	XN-MER	1984	0.30720000000000003	0.0797
691	XN-MER	1983	0.30720000000000003	0.0797
692	XN-MER	1982	0.30720000000000003	0.0797
693	XN-MER	1981	0.30720000000000003	0.0797
694	XN-MER	1980	0.30720000000000003	0.0797
695	XN	2016	0.264	0.0959
696	XN	2015	0.263	0.0945
697	XN	2014	0.25949999999999995	0.09699999999999999
698	XN	2013	0.25460000000000005	0.0998
699	XN	2012	0.25349999999999995	0.1015
700	XN	2011	0.24880000000000002	0.1003
701	XN	2010	0.248	0.1033
702	XN	2009	0.25	0.1027
703	XN	2008	0.2583	0.0979
704	XN	2007	0.26170000000000004	0.0966
705	XN	2006	0.26849999999999996	0.0948
706	XN	2005	0.2714	0.0923
707	XN	2004	0.2763	0.0927
708	XN	2003	0.27649999999999997	0.0921
709	XN	2002	0.273	0.096
710	XN	2001	0.2814	0.0926
711	XN	2000	0.28200000000000003	0.0909
712	XN	1999	0.28169999999999995	0.0907
713	XN	1998	0.28569999999999995	0.0872
714	XN	1997	0.30110000000000003	0.0745
715	XN	1996	0.30210000000000004	0.0732
716	XN	1995	0.3076	0.0692
717	XN	1994	0.30500000000000005	0.0707
718	XN	1993	0.30189999999999995	0.0702
719	XN	1992	0.30510000000000004	0.0666
720	XN	1991	0.30720000000000003	0.0653
721	XN	1990	0.3075	0.0703
722	XN	1989	0.30720000000000003	0.0797
723	XN	1988	0.30720000000000003	0.0797
724	XN	1987	0.30720000000000003	0.0797
725	XN	1986	0.30720000000000003	0.0797
726	XN	1985	0.30720000000000003	0.0797
727	XN	1984	0.30720000000000003	0.0797
728	XN	1983	0.30720000000000003	0.0797
729	XN	1982	0.30720000000000003	0.0797
730	XN	1981	0.30720000000000003	0.0797
731	XN	1980	0.30720000000000003	0.0797
732	XR-MER	2016	0.20240000000000002	0.1699
733	XR-MER	2015	0.20240000000000002	0.1699
734	XR-MER	2014	0.20389999999999997	0.1681
735	XR-MER	2013	0.2108	0.1612
736	XR-MER	2012	0.19840000000000002	0.1662
737	XR-MER	2011	0.2148	0.1598
738	XR-MER	2010	0.20030000000000003	0.1586
739	XR-MER	2009	0.2118	0.1451
740	XR-MER	2008	0.2508	0.1345
741	XR-MER	2007	0.2691	0.1371
742	XR-MER	2006	0.2542	0.1398
743	XR-MER	2005	0.2491	0.1443
744	XR-MER	2004	0.22760000000000002	0.14
745	XR-MER	2003	0.24280000000000002	0.1349
746	XR-MER	2002	0.2449	0.1384
747	XR-MER	2001	0.24560000000000004	0.1346
748	XR-MER	2000	0.20689999999999997	0.1356
749	XR-MER	1999	0.18099999999999994	0.1404
750	XR-MER	1998	0.15139999999999998	0.14400000000000002
751	XR-MER	1997	0.15200000000000002	0.1243
752	XR-MER	1996	0.15839999999999999	0.096
753	XR-MER	1995	0.14029999999999998	0.1383
754	XR-MER	1994	0.11829999999999996	0.1529
755	XR-MER	1993	0.11140000000000005	0.2011
756	XR-MER	1992	0.10109999999999997	0.2187
757	XR-MER	1991	0.08389999999999997	0.29
758	XR-MER	1990	0.07340000000000002	0.2947
759	XR-MER	1989	0.05400000000000005	0.3013
760	XR-MER	1988	0.04810000000000003	0.3096
761	XR-MER	1987	0.046699999999999964	0.3093
762	XR-MER	1986	0.04530000000000001	0.309
763	XR-MER	1985	0.04379999999999995	0.3088
764	XR-MER	1984	0.04200000000000004	0.309
765	XR-MER	1983	0.040100000000000025	0.3093
766	XR-MER	1982	0.0383	0.3095
767	XR-MER	1981	0.03639999999999999	0.3098
768	XR-MER	1980	0.034499999999999975	0.31
769	XR	2016	0.20240000000000002	0.1699
770	XR	2015	0.20240000000000002	0.1699
771	XR	2014	0.20389999999999997	0.1681
772	XR	2013	0.2108	0.1612
773	XR	2012	0.19840000000000002	0.1662
774	XR	2011	0.2148	0.1598
775	XR	2010	0.20030000000000003	0.1586
776	XR	2009	0.2118	0.1451
777	XR	2008	0.2508	0.1345
778	XR	2007	0.2691	0.1371
779	XR	2006	0.2542	0.1398
780	XR	2005	0.2491	0.1443
781	XR	2004	0.22760000000000002	0.14
782	XR	2003	0.24280000000000002	0.1349
783	XR	2002	0.2449	0.1384
784	XR	2001	0.24560000000000004	0.1346
785	XR	2000	0.20689999999999997	0.1356
786	XR	1999	0.18099999999999994	0.1404
787	XR	1998	0.15139999999999998	0.14400000000000002
788	XR	1997	0.15200000000000002	0.1243
789	XR	1996	0.15839999999999999	0.096
790	XR	1995	0.14029999999999998	0.1383
791	XR	1994	0.11829999999999996	0.1529
792	XR	1993	0.11140000000000005	0.2011
793	XR	1992	0.10109999999999997	0.2187
794	XR	1991	0.08389999999999997	0.29
795	XR	1990	0.07340000000000002	0.2947
796	XR	1989	0.05400000000000005	0.3013
797	XR	1988	0.04810000000000003	0.3096
798	XR	1987	0.046699999999999964	0.3093
799	XR	1986	0.04530000000000001	0.309
800	XR	1985	0.04379999999999995	0.3088
801	XR	1984	0.04200000000000004	0.309
802	XR	1983	0.040100000000000025	0.3093
803	XR	1982	0.0383	0.3095
804	XR	1981	0.03639999999999999	0.3098
805	XR	1980	0.034499999999999975	0.31
806	YE	2016	0.15700000000000003	0.1382
807	YE	2015	0.15700000000000003	0.1382
808	YE	2014	0.15700000000000003	0.1382
809	YE	2013	0.15700000000000003	0.1382
810	YE	2012	0.15700000000000003	0.1382
811	YE	2011	0.15700000000000003	0.1382
812	YE	2010	0.15700000000000003	0.1382
813	YE	2009	0.15700000000000003	0.1382
814	YE	2008	0.15700000000000003	0.1382
815	YE	2007	0.15700000000000003	0.1382
816	YE	2006	0.15700000000000003	0.1382
817	YE	2005	0.15700000000000003	0.1382
818	YE	2004	0.15700000000000003	0.1382
819	YE	2003	0.15700000000000003	0.1382
820	YE	2002	0.15700000000000003	0.1382
821	YE	2001	0.15700000000000003	0.1382
822	YE	2000	0.15700000000000003	0.1382
823	YE	1999	0.15700000000000003	0.1382
824	YE	1998	0.15700000000000003	0.1382
825	YE	1997	0.15700000000000003	0.1382
826	YE	1996	0.15700000000000003	0.1382
827	YE	1995	0.15700000000000003	0.1382
828	YE	1994	0.15700000000000003	0.1382
829	YE	1993	0.15700000000000003	0.1382
830	YE	1992	0.15700000000000003	0.1382
831	YE	1991	0.15700000000000003	0.1382
832	YE	1990	0.15700000000000003	0.1382
